STRUCTURE,STRUCTURE_ID,STRUCTURE_NAME,ACTION,REF_AREA,Reference area,MEASURE,Measure,UNIT_MEASURE,Unit of measure,TRANSFORMATION,Transformation,ADJUSTMENT,Adjustment,SEX,Sex,AGE,Age,ACTIVITY,Economic activity,FREQ,Frequency of observation,TIME_PERIOD,Time period,OBS_VALUE,Observation value,BASE_PER,Base period,OBS_STATUS,Observation status,UNIT_MULT,Unit multiplier,DECIMALS,Decimals
DATAFLOW,OECD.SDD.TPS:DSD_LFS@DF_IALFS_INDIC(1.0),Infra-annual labour statistics,I,JPN,Japan,UNE_LF_M,Monthly unemployment rate,PT_LF_SUB,Percentage of labour force in the same subgroup,_Z,Not applicable,N,Neither seasonally adjusted nor calendar adjusted,_T,Total,Y_GE15,15 years or over,_Z,Not applicable,M,Monthly,2015-10,,3.1,,,,A,Normal value,0,Units,1,One
DATAFLOW,OECD.SDD.TPS:DSD_LFS@DF_IALFS_INDIC(1.0),Infra-annual labour statistics,I,JPN,Japan,UNE_LF_M,Monthly unemployment rate,PT_LF_SUB,Percentage of labour force in the same subgroup,_Z,Not applicable,N,Neither seasonally adjusted nor calendar adjusted,_T,Total,Y_GE15,15 years or over,_Z,Not applicable,M,Monthly,2015-11,,3.2,,,,A,Normal value,0,Units,1,One
DATAFLOW,OECD.SDD.TPS:DSD_LFS@DF_IALFS_INDIC(1.0),Infra-annual labour statistics,I,JPN,Japan,UNE_LF_M,Monthly unemployment rate,PT_LF_SUB,Percentage of labour force in the same subgroup,_Z,Not applicable,N,Neither seasonally adjusted nor calendar adjusted,_T,Total,Y_GE15,15 years or over,_Z,Not applicable,M,Monthly,2020-10,,3.1,,,,A,Normal value,0,Units,1,One
DATAFLOW,OECD.SDD.TPS:DSD_LFS@DF_IALFS_INDIC(1.0),Infra-annual labour statistics,I,JPN,Japan,UNE_LF_M,Monthly unemployment rate,PT_LF_SUB,Percentage of labour force in the same subgroup,_Z,Not applicable,N,Neither seasonally adjusted nor calendar adjusted,_T,Total,Y_GE15,15 years or over,_Z,Not applicable,M,Monthly,2020-04,,2.8,,,,A,Normal value,0,Units,1,One
DATAFLOW,OECD.SDD.TPS:DSD_LFS@DF_IALFS_INDIC(1.0),Infra-annual labour statistics,I,JPN,Japan,UNE_LF_M,Monthly unemployment rate,PT_LF_SUB,Percentage of labour force in the same subgroup,_Z,Not applicable,N,Neither seasonally adjusted nor calendar adjusted,_T,Total,Y_GE15,15 years or over,_Z,Not applicable,M,Monthly,2011-05,,4.7,,,,A,Normal value,0,Units,1,One
DATAFLOW,OECD.SDD.TPS:DSD_LFS@DF_IALFS_INDIC(1.0),Infra-annual labour statistics,I,JPN,Japan,UNE_LF_M,Monthly unemployment rate,PT_LF_SUB,Percentage of labour force in the same subgroup,_Z,Not applicable,N,Neither seasonally adjusted nor calendar adjusted,_T,Total,Y_GE15,15 years or over,_Z,Not applicable,M,Monthly,2011-04,,5,,,,A,Normal value,0,Units,1,One
DATAFLOW,OECD.SDD.TPS:DSD_LFS@DF_IALFS_INDIC(1.0),Infra-annual labour statistics,I,JPN,Japan,UNE_LF_M,Monthly unemployment rate,PT_LF_SUB,Percentage of labour force in the same subgroup,_Z,Not applicable,N,Neither seasonally adjusted nor calendar adjusted,_T,Total,Y_GE15,15 years or over,_Z,Not applicable,M,Monthly,2020-05,,2.9,,,,A,Normal value,0,Units,1,One
DATAFLOW,OECD.SDD.TPS:DSD_LFS@DF_IALFS_INDIC(1.0),Infra-annual labour statistics,I,JPN,Japan,UNE_LF_M,Monthly unemployment rate,PT_LF_SUB,Percentage of labour force in the same subgroup,_Z,Not applicable,N,Neither seasonally adjusted nor calendar adjusted,_T,Total,Y_GE15,15 years or over,_Z,Not applicable,M,Monthly,2010-06,,5.2,,,,A,Normal value,0,Units,1,One
DATAFLOW,OECD.SDD.TPS:DSD_LFS@DF_IALFS_INDIC(1.0),Infra-annual labour statistics,I,JPN,Japan,UNE_LF_M,Monthly unemployment rate,PT_LF_SUB,Percentage of labour force in the same subgroup,_Z,Not applicable,N,Neither seasonally adjusted nor calendar adjusted,_T,Total,Y_GE15,15 years or over,_Z,Not applicable,M,Monthly,2010-07,,5,,,,A,Normal value,0,Units,1,One
DATAFLOW,OECD.SDD.TPS:DSD_LFS@DF_IALFS_INDIC(1.0),Infra-annual labour statistics,I,JPN,Japan,UNE_LF_M,Monthly unemployment rate,PT_LF_SUB,Percentage of labour force in the same subgroup,_Z,Not applicable,N,Neither seasonally adjusted nor calendar adjusted,_T,Total,Y_GE15,15 years or over,_Z,Not applicable,M,Monthly,2010-08,,5.1,,,,A,Normal value,0,Units,1,One
DATAFLOW,OECD.SDD.TPS:DSD_LFS@DF_IALFS_INDIC(1.0),Infra-annual labour statistics,I,JPN,Japan,UNE_LF_M,Monthly unemployment rate,PT_LF_SUB,Percentage of labour force in the same subgroup,_Z,Not applicable,N,Neither seasonally adjusted nor calendar adjusted,_T,Total,Y_GE15,15 years or over,_Z,Not applicable,M,Monthly,2010-09,,5.1,,,,A,Normal value,0,Units,1,One
DATAFLOW,OECD.SDD.TPS:DSD_LFS@DF_IALFS_INDIC(1.0),Infra-annual labour statistics,I,JPN,Japan,UNE_LF_M,Monthly unemployment rate,PT_LF_SUB,Percentage of labour force in the same subgroup,_Z,Not applicable,N,Neither seasonally adjusted nor calendar adjusted,_T,Total,Y_GE15,15 years or over,_Z,Not applicable,M,Monthly,2010-10,,5,,,,A,Normal value,0,Units,1,One
DATAFLOW,OECD.SDD.TPS:DSD_LFS@DF_IALFS_INDIC(1.0),Infra-annual labour statistics,I,JPN,Japan,UNE_LF_M,Monthly unemployment rate,PT_LF_SUB,Percentage of labour force in the same subgroup,_Z,Not applicable,N,Neither seasonally adjusted nor calendar adjusted,_T,Total,Y_GE15,15 years or over,_Z,Not applicable,M,Monthly,2010-11,,4.8,,,,A,Normal value,0,Units,1,One
DATAFLOW,OECD.SDD.TPS:DSD_LFS@DF_IALFS_INDIC(1.0),Infra-annual labour statistics,I,JPN,Japan,UNE_LF_M,Monthly unemployment rate,PT_LF_SUB,Percentage of labour force in the same subgroup,_Z,Not applicable,N,Neither seasonally adjusted nor calendar adjusted,_T,Total,Y_GE15,15 years or over,_Z,Not applicable,M,Monthly,2010-12,,4.6,,,,A,Normal value,0,Units,1,One
DATAFLOW,OECD.SDD.TPS:DSD_LFS@DF_IALFS_INDIC(1.0),Infra-annual labour statistics,I,JPN,Japan,UNE_LF_M,Monthly unemployment rate,PT_LF_SUB,Percentage of labour force in the same subgroup,_Z,Not applicable,N,Neither seasonally adjusted nor calendar adjusted,_T,Total,Y_GE15,15 years or over,_Z,Not applicable,M,Monthly,2011-01,,4.8,,,,A,Normal value,0,Units,1,One
DATAFLOW,OECD.SDD.TPS:DSD_LFS@DF_IALFS_INDIC(1.0),Infra-annual labour statistics,I,JPN,Japan,UNE_LF_M,Monthly unemployment rate,PT_LF_SUB,Percentage of labour force in the same subgroup,_Z,Not applicable,N,Neither seasonally adjusted nor calendar adjusted,_T,Total,Y_GE15,15 years or over,_Z,Not applicable,M,Monthly,2015-03,,3.5,,,,A,Normal value,0,Units,1,One
DATAFLOW,OECD.SDD.TPS:DSD_LFS@DF_IALFS_INDIC(1.0),Infra-annual labour statistics,I,JPN,Japan,UNE_LF_M,Monthly unemployment rate,PT_LF_SUB,Percentage of labour force in the same subgroup,_Z,Not applicable,N,Neither seasonally adjusted nor calendar adjusted,_T,Total,Y_GE15,15 years or over,_Z,Not applicable,M,Monthly,2015-04,,3.6,,,,A,Normal value,0,Units,1,One
DATAFLOW,OECD.SDD.TPS:DSD_LFS@DF_IALFS_INDIC(1.0),Infra-annual labour statistics,I,JPN,Japan,UNE_LF_M,Monthly unemployment rate,PT_LF_SUB,Percentage of labour force in the same subgroup,_Z,Not applicable,N,Neither seasonally adjusted nor calendar adjusted,_T,Total,Y_GE15,15 years or over,_Z,Not applicable,M,Monthly,2015-08,,3.4,,,,A,Normal value,0,Units,1,One
DATAFLOW,OECD.SDD.TPS:DSD_LFS@DF_IALFS_INDIC(1.0),Infra-annual labour statistics,I,JPN,Japan,UNE_LF_M,Monthly unemployment rate,PT_LF_SUB,Percentage of labour force in the same subgroup,_Z,Not applicable,N,Neither seasonally adjusted nor calendar adjusted,_T,Total,Y_GE15,15 years or over,_Z,Not applicable,M,Monthly,2015-09,,3.4,,,,A,Normal value,0,Units,1,One
DATAFLOW,OECD.SDD.TPS:DSD_LFS@DF_IALFS_INDIC(1.0),Infra-annual labour statistics,I,JPN,Japan,UNE_LF_M,Monthly unemployment rate,PT_LF_SUB,Percentage of labour force in the same subgroup,_Z,Not applicable,N,Neither seasonally adjusted nor calendar adjusted,_T,Total,Y_GE15,15 years or over,_Z,Not applicable,M,Monthly,2012-04,,4.8,,,,A,Normal value,0,Units,1,One
DATAFLOW,OECD.SDD.TPS:DSD_LFS@DF_IALFS_INDIC(1.0),Infra-annual labour statistics,I,JPN,Japan,UNE_LF_M,Monthly unemployment rate,PT_LF_SUB,Percentage of labour force in the same subgroup,_Z,Not applicable,N,Neither seasonally adjusted nor calendar adjusted,_T,Total,Y_GE15,15 years or over,_Z,Not applicable,M,Monthly,2012-05,,4.5,,,,A,Normal value,0,Units,1,One
DATAFLOW,OECD.SDD.TPS:DSD_LFS@DF_IALFS_INDIC(1.0),Infra-annual labour statistics,I,JPN,Japan,UNE_LF_M,Monthly unemployment rate,PT_LF_SUB,Percentage of labour force in the same subgroup,_Z,Not applicable,N,Neither seasonally adjusted nor calendar adjusted,_T,Total,Y_GE15,15 years or over,_Z,Not applicable,M,Monthly,2012-06,,4.4,,,,A,Normal value,0,Units,1,One
DATAFLOW,OECD.SDD.TPS:DSD_LFS@DF_IALFS_INDIC(1.0),Infra-annual labour statistics,I,JPN,Japan,UNE_LF_M,Monthly unemployment rate,PT_LF_SUB,Percentage of labour force in the same subgroup,_Z,Not applicable,N,Neither seasonally adjusted nor calendar adjusted,_T,Total,Y_GE15,15 years or over,_Z,Not applicable,M,Monthly,2012-07,,4.4,,,,A,Normal value,0,Units,1,One
DATAFLOW,OECD.SDD.TPS:DSD_LFS@DF_IALFS_INDIC(1.0),Infra-annual labour statistics,I,JPN,Japan,UNE_LF_M,Monthly unemployment rate,PT_LF_SUB,Percentage of labour force in the same subgroup,_Z,Not applicable,N,Neither seasonally adjusted nor calendar adjusted,_T,Total,Y_GE15,15 years or over,_Z,Not applicable,M,Monthly,2012-08,,4.2,,,,A,Normal value,0,Units,1,One
DATAFLOW,OECD.SDD.TPS:DSD_LFS@DF_IALFS_INDIC(1.0),Infra-annual labour statistics,I,JPN,Japan,UNE_LF_M,Monthly unemployment rate,PT_LF_SUB,Percentage of labour force in the same subgroup,_Z,Not applicable,N,Neither seasonally adjusted nor calendar adjusted,_T,Total,Y_GE15,15 years or over,_Z,Not applicable,M,Monthly,2012-09,,4.2,,,,A,Normal value,0,Units,1,One
DATAFLOW,OECD.SDD.TPS:DSD_LFS@DF_IALFS_INDIC(1.0),Infra-annual labour statistics,I,JPN,Japan,UNE_LF_M,Monthly unemployment rate,PT_LF_SUB,Percentage of labour force in the same subgroup,_Z,Not applicable,N,Neither seasonally adjusted nor calendar adjusted,_T,Total,Y_GE15,15 years or over,_Z,Not applicable,M,Monthly,2012-10,,4.1,,,,A,Normal value,0,Units,1,One
DATAFLOW,OECD.SDD.TPS:DSD_LFS@DF_IALFS_INDIC(1.0),Infra-annual labour statistics,I,JPN,Japan,UNE_LF_M,Monthly unemployment rate,PT_LF_SUB,Percentage of labour force in the same subgroup,_Z,Not applicable,N,Neither seasonally adjusted nor calendar adjusted,_T,Total,Y_GE15,15 years or over,_Z,Not applicable,M,Monthly,2012-11,,4,,,,A,Normal value,0,Units,1,One
DATAFLOW,OECD.SDD.TPS:DSD_LFS@DF_IALFS_INDIC(1.0),Infra-annual labour statistics,I,JPN,Japan,UNE_LF_M,Monthly unemployment rate,PT_LF_SUB,Percentage of labour force in the same subgroup,_Z,Not applicable,N,Neither seasonally adjusted nor calendar adjusted,_T,Total,Y_GE15,15 years or over,_Z,Not applicable,M,Monthly,2012-12,,4,,,,A,Normal value,0,Units,1,One
DATAFLOW,OECD.SDD.TPS:DSD_LFS@DF_IALFS_INDIC(1.0),Infra-annual labour statistics,I,JPN,Japan,UNE_LF_M,Monthly unemployment rate,PT_LF_SUB,Percentage of labour force in the same subgroup,_Z,Not applicable,N,Neither seasonally adjusted nor calendar adjusted,_T,Total,Y_GE15,15 years or over,_Z,Not applicable,M,Monthly,2013-01,,4.2,,,,A,Normal value,0,Units,1,One
DATAFLOW,OECD.SDD.TPS:DSD_LFS@DF_IALFS_INDIC(1.0),Infra-annual labour statistics,I,JPN,Japan,UNE_LF_M,Monthly unemployment rate,PT_LF_SUB,Percentage of labour force in the same subgroup,_Z,Not applicable,N,Neither seasonally adjusted nor calendar adjusted,_T,Total,Y_GE15,15 years or over,_Z,Not applicable,M,Monthly,2013-02,,4.2,,,,A,Normal value,0,Units,1,One
DATAFLOW,OECD.SDD.TPS:DSD_LFS@DF_IALFS_INDIC(1.0),Infra-annual labour statistics,I,JPN,Japan,UNE_LF_M,Monthly unemployment rate,PT_LF_SUB,Percentage of labour force in the same subgroup,_Z,Not applicable,N,Neither seasonally adjusted nor calendar adjusted,_T,Total,Y_GE15,15 years or over,_Z,Not applicable,M,Monthly,2013-03,,4.3,,,,A,Normal value,0,Units,1,One
DATAFLOW,OECD.SDD.TPS:DSD_LFS@DF_IALFS_INDIC(1.0),Infra-annual labour statistics,I,JPN,Japan,UNE_LF_M,Monthly unemployment rate,PT_LF_SUB,Percentage of labour force in the same subgroup,_Z,Not applicable,N,Neither seasonally adjusted nor calendar adjusted,_T,Total,Y_GE15,15 years or over,_Z,Not applicable,M,Monthly,2013-04,,4.4,,,,A,Normal value,0,Units,1,One
DATAFLOW,OECD.SDD.TPS:DSD_LFS@DF_IALFS_INDIC(1.0),Infra-annual labour statistics,I,JPN,Japan,UNE_LF_M,Monthly unemployment rate,PT_LF_SUB,Percentage of labour force in the same subgroup,_Z,Not applicable,N,Neither seasonally adjusted nor calendar adjusted,_T,Total,Y_GE15,15 years or over,_Z,Not applicable,M,Monthly,2013-05,,4.2,,,,A,Normal value,0,Units,1,One
DATAFLOW,OECD.SDD.TPS:DSD_LFS@DF_IALFS_INDIC(1.0),Infra-annual labour statistics,I,JPN,Japan,UNE_LF_M,Monthly unemployment rate,PT_LF_SUB,Percentage of labour force in the same subgroup,_Z,Not applicable,N,Neither seasonally adjusted nor calendar adjusted,_T,Total,Y_GE15,15 years or over,_Z,Not applicable,M,Monthly,2013-06,,3.9,,,,A,Normal value,0,Units,1,One
DATAFLOW,OECD.SDD.TPS:DSD_LFS@DF_IALFS_INDIC(1.0),Infra-annual labour statistics,I,JPN,Japan,UNE_LF_M,Monthly unemployment rate,PT_LF_SUB,Percentage of labour force in the same subgroup,_Z,Not applicable,N,Neither seasonally adjusted nor calendar adjusted,_T,Total,Y_GE15,15 years or over,_Z,Not applicable,M,Monthly,2013-07,,3.9,,,,A,Normal value,0,Units,1,One
DATAFLOW,OECD.SDD.TPS:DSD_LFS@DF_IALFS_INDIC(1.0),Infra-annual labour statistics,I,JPN,Japan,UNE_LF_M,Monthly unemployment rate,PT_LF_SUB,Percentage of labour force in the same subgroup,_Z,Not applicable,N,Neither seasonally adjusted nor calendar adjusted,_T,Total,Y_GE15,15 years or over,_Z,Not applicable,M,Monthly,2013-08,,4.1,,,,A,Normal value,0,Units,1,One
DATAFLOW,OECD.SDD.TPS:DSD_LFS@DF_IALFS_INDIC(1.0),Infra-annual labour statistics,I,JPN,Japan,UNE_LF_M,Monthly unemployment rate,PT_LF_SUB,Percentage of labour force in the same subgroup,_Z,Not applicable,N,Neither seasonally adjusted nor calendar adjusted,_T,Total,Y_GE15,15 years or over,_Z,Not applicable,M,Monthly,2013-09,,3.9,,,,A,Normal value,0,Units,1,One
DATAFLOW,OECD.SDD.TPS:DSD_LFS@DF_IALFS_INDIC(1.0),Infra-annual labour statistics,I,JPN,Japan,UNE_LF_M,Monthly unemployment rate,PT_LF_SUB,Percentage of labour force in the same subgroup,_Z,Not applicable,N,Neither seasonally adjusted nor calendar adjusted,_T,Total,Y_GE15,15 years or over,_Z,Not applicable,M,Monthly,2013-10,,4,,,,A,Normal value,0,Units,1,One
DATAFLOW,OECD.SDD.TPS:DSD_LFS@DF_IALFS_INDIC(1.0),Infra-annual labour statistics,I,JPN,Japan,UNE_LF_M,Monthly unemployment rate,PT_LF_SUB,Percentage of labour force in the same subgroup,_Z,Not applicable,N,Neither seasonally adjusted nor calendar adjusted,_T,Total,Y_GE15,15 years or over,_Z,Not applicable,M,Monthly,2013-11,,3.8,,,,A,Normal value,0,Units,1,One
DATAFLOW,OECD.SDD.TPS:DSD_LFS@DF_IALFS_INDIC(1.0),Infra-annual labour statistics,I,JPN,Japan,UNE_LF_M,Monthly unemployment rate,PT_LF_SUB,Percentage of labour force in the same subgroup,_Z,Not applicable,N,Neither seasonally adjusted nor calendar adjusted,_T,Total,Y_GE15,15 years or over,_Z,Not applicable,M,Monthly,2013-12,,3.4,,,,A,Normal value,0,Units,1,One
DATAFLOW,OECD.SDD.TPS:DSD_LFS@DF_IALFS_INDIC(1.0),Infra-annual labour statistics,I,JPN,Japan,UNE_LF_M,Monthly unemployment rate,PT_LF_SUB,Percentage of labour force in the same subgroup,_Z,Not applicable,N,Neither seasonally adjusted nor calendar adjusted,_T,Total,Y_GE15,15 years or over,_Z,Not applicable,M,Monthly,2020-06,,2.8,,,,A,Normal value,0,Units,1,One
DATAFLOW,OECD.SDD.TPS:DSD_LFS@DF_IALFS_INDIC(1.0),Infra-annual labour statistics,I,JPN,Japan,UNE_LF_M,Monthly unemployment rate,PT_LF_SUB,Percentage of labour force in the same subgroup,_Z,Not applicable,N,Neither seasonally adjusted nor calendar adjusted,_T,Total,Y_GE15,15 years or over,_Z,Not applicable,M,Monthly,2020-01,,2.3,,,,A,Normal value,0,Units,1,One
DATAFLOW,OECD.SDD.TPS:DSD_LFS@DF_IALFS_INDIC(1.0),Infra-annual labour statistics,I,JPN,Japan,UNE_LF_M,Monthly unemployment rate,PT_LF_SUB,Percentage of labour force in the same subgroup,_Z,Not applicable,N,Neither seasonally adjusted nor calendar adjusted,_T,Total,Y_GE15,15 years or over,_Z,Not applicable,M,Monthly,2011-06,,4.7,,,,A,Normal value,0,Units,1,One
DATAFLOW,OECD.SDD.TPS:DSD_LFS@DF_IALFS_INDIC(1.0),Infra-annual labour statistics,I,JPN,Japan,UNE_LF_M,Monthly unemployment rate,PT_LF_SUB,Percentage of labour force in the same subgroup,_Z,Not applicable,N,Neither seasonally adjusted nor calendar adjusted,_T,Total,Y_GE15,15 years or over,_Z,Not applicable,M,Monthly,2011-07,,4.7,,,,A,Normal value,0,Units,1,One
DATAFLOW,OECD.SDD.TPS:DSD_LFS@DF_IALFS_INDIC(1.0),Infra-annual labour statistics,I,JPN,Japan,UNE_LF_M,Monthly unemployment rate,PT_LF_SUB,Percentage of labour force in the same subgroup,_Z,Not applicable,N,Neither seasonally adjusted nor calendar adjusted,_T,Total,Y_GE15,15 years or over,_Z,Not applicable,M,Monthly,2010-05,,5.2,,,,A,Normal value,0,Units,1,One
DATAFLOW,OECD.SDD.TPS:DSD_LFS@DF_IALFS_INDIC(1.0),Infra-annual labour statistics,I,JPN,Japan,UNE_LF_M,Monthly unemployment rate,PT_LF_SUB,Percentage of labour force in the same subgroup,_Z,Not applicable,N,Neither seasonally adjusted nor calendar adjusted,_T,Total,Y_GE15,15 years or over,_Z,Not applicable,M,Monthly,2015-12,,3.1,,,,A,Normal value,0,Units,1,One
DATAFLOW,OECD.SDD.TPS:DSD_LFS@DF_IALFS_INDIC(1.0),Infra-annual labour statistics,I,JPN,Japan,UNE_LF_M,Monthly unemployment rate,PT_LF_SUB,Percentage of labour force in the same subgroup,_Z,Not applicable,N,Neither seasonally adjusted nor calendar adjusted,_T,Total,Y_GE15,15 years or over,_Z,Not applicable,M,Monthly,2016-01,,3.2,,,,A,Normal value,0,Units,1,One
DATAFLOW,OECD.SDD.TPS:DSD_LFS@DF_IALFS_INDIC(1.0),Infra-annual labour statistics,I,JPN,Japan,UNE_LF_M,Monthly unemployment rate,PT_LF_SUB,Percentage of labour force in the same subgroup,_Z,Not applicable,N,Neither seasonally adjusted nor calendar adjusted,_T,Total,Y_GE15,15 years or over,_Z,Not applicable,M,Monthly,2016-02,,3.2,,,,A,Normal value,0,Units,1,One
DATAFLOW,OECD.SDD.TPS:DSD_LFS@DF_IALFS_INDIC(1.0),Infra-annual labour statistics,I,JPN,Japan,UNE_LF_M,Monthly unemployment rate,PT_LF_SUB,Percentage of labour force in the same subgroup,_Z,Not applicable,N,Neither seasonally adjusted nor calendar adjusted,_T,Total,Y_GE15,15 years or over,_Z,Not applicable,M,Monthly,2016-03,,3.3,,,,A,Normal value,0,Units,1,One
DATAFLOW,OECD.SDD.TPS:DSD_LFS@DF_IALFS_INDIC(1.0),Infra-annual labour statistics,I,JPN,Japan,UNE_LF_M,Monthly unemployment rate,PT_LF_SUB,Percentage of labour force in the same subgroup,_Z,Not applicable,N,Neither seasonally adjusted nor calendar adjusted,_T,Total,Y_GE15,15 years or over,_Z,Not applicable,M,Monthly,2016-04,,3.4,,,,A,Normal value,0,Units,1,One
DATAFLOW,OECD.SDD.TPS:DSD_LFS@DF_IALFS_INDIC(1.0),Infra-annual labour statistics,I,JPN,Japan,UNE_LF_M,Monthly unemployment rate,PT_LF_SUB,Percentage of labour force in the same subgroup,_Z,Not applicable,N,Neither seasonally adjusted nor calendar adjusted,_T,Total,Y_GE15,15 years or over,_Z,Not applicable,M,Monthly,2016-05,,3.2,,,,A,Normal value,0,Units,1,One
DATAFLOW,OECD.SDD.TPS:DSD_LFS@DF_IALFS_INDIC(1.0),Infra-annual labour statistics,I,JPN,Japan,UNE_LF_M,Monthly unemployment rate,PT_LF_SUB,Percentage of labour force in the same subgroup,_Z,Not applicable,N,Neither seasonally adjusted nor calendar adjusted,_T,Total,Y_GE15,15 years or over,_Z,Not applicable,M,Monthly,2016-06,,3.1,,,,A,Normal value,0,Units,1,One
DATAFLOW,OECD.SDD.TPS:DSD_LFS@DF_IALFS_INDIC(1.0),Infra-annual labour statistics,I,JPN,Japan,UNE_LF_M,Monthly unemployment rate,PT_LF_SUB,Percentage of labour force in the same subgroup,_Z,Not applicable,N,Neither seasonally adjusted nor calendar adjusted,_T,Total,Y_GE15,15 years or over,_Z,Not applicable,M,Monthly,2016-07,,3,,,,A,Normal value,0,Units,1,One
DATAFLOW,OECD.SDD.TPS:DSD_LFS@DF_IALFS_INDIC(1.0),Infra-annual labour statistics,I,JPN,Japan,UNE_LF_M,Monthly unemployment rate,PT_LF_SUB,Percentage of labour force in the same subgroup,_Z,Not applicable,N,Neither seasonally adjusted nor calendar adjusted,_T,Total,Y_GE15,15 years or over,_Z,Not applicable,M,Monthly,2016-08,,3.2,,,,A,Normal value,0,Units,1,One
DATAFLOW,OECD.SDD.TPS:DSD_LFS@DF_IALFS_INDIC(1.0),Infra-annual labour statistics,I,JPN,Japan,UNE_LF_M,Monthly unemployment rate,PT_LF_SUB,Percentage of labour force in the same subgroup,_Z,Not applicable,N,Neither seasonally adjusted nor calendar adjusted,_T,Total,Y_GE15,15 years or over,_Z,Not applicable,M,Monthly,2016-09,,3,,,,A,Normal value,0,Units,1,One
DATAFLOW,OECD.SDD.TPS:DSD_LFS@DF_IALFS_INDIC(1.0),Infra-annual labour statistics,I,JPN,Japan,UNE_LF_M,Monthly unemployment rate,PT_LF_SUB,Percentage of labour force in the same subgroup,_Z,Not applicable,N,Neither seasonally adjusted nor calendar adjusted,_T,Total,Y_GE15,15 years or over,_Z,Not applicable,M,Monthly,2016-10,,2.9,,,,A,Normal value,0,Units,1,One
DATAFLOW,OECD.SDD.TPS:DSD_LFS@DF_IALFS_INDIC(1.0),Infra-annual labour statistics,I,JPN,Japan,UNE_LF_M,Monthly unemployment rate,PT_LF_SUB,Percentage of labour force in the same subgroup,_Z,Not applicable,N,Neither seasonally adjusted nor calendar adjusted,_T,Total,Y_GE15,15 years or over,_Z,Not applicable,M,Monthly,2016-11,,3,,,,A,Normal value,0,Units,1,One
DATAFLOW,OECD.SDD.TPS:DSD_LFS@DF_IALFS_INDIC(1.0),Infra-annual labour statistics,I,JPN,Japan,UNE_LF_M,Monthly unemployment rate,PT_LF_SUB,Percentage of labour force in the same subgroup,_Z,Not applicable,N,Neither seasonally adjusted nor calendar adjusted,_T,Total,Y_GE15,15 years or over,_Z,Not applicable,M,Monthly,2016-12,,2.9,,,,A,Normal value,0,Units,1,One
DATAFLOW,OECD.SDD.TPS:DSD_LFS@DF_IALFS_INDIC(1.0),Infra-annual labour statistics,I,JPN,Japan,UNE_LF_M,Monthly unemployment rate,PT_LF_SUB,Percentage of labour force in the same subgroup,_Z,Not applicable,N,Neither seasonally adjusted nor calendar adjusted,_T,Total,Y_GE15,15 years or over,_Z,Not applicable,M,Monthly,2017-01,,3,,,,A,Normal value,0,Units,1,One
DATAFLOW,OECD.SDD.TPS:DSD_LFS@DF_IALFS_INDIC(1.0),Infra-annual labour statistics,I,JPN,Japan,UNE_LF_M,Monthly unemployment rate,PT_LF_SUB,Percentage of labour force in the same subgroup,_Z,Not applicable,N,Neither seasonally adjusted nor calendar adjusted,_T,Total,Y_GE15,15 years or over,_Z,Not applicable,M,Monthly,2017-02,,2.8,,,,A,Normal value,0,Units,1,One
DATAFLOW,OECD.SDD.TPS:DSD_LFS@DF_IALFS_INDIC(1.0),Infra-annual labour statistics,I,JPN,Japan,UNE_LF_M,Monthly unemployment rate,PT_LF_SUB,Percentage of labour force in the same subgroup,_Z,Not applicable,N,Neither seasonally adjusted nor calendar adjusted,_T,Total,Y_GE15,15 years or over,_Z,Not applicable,M,Monthly,2017-03,,2.8,,,,A,Normal value,0,Units,1,One
DATAFLOW,OECD.SDD.TPS:DSD_LFS@DF_IALFS_INDIC(1.0),Infra-annual labour statistics,I,JPN,Japan,UNE_LF_M,Monthly unemployment rate,PT_LF_SUB,Percentage of labour force in the same subgroup,_Z,Not applicable,N,Neither seasonally adjusted nor calendar adjusted,_T,Total,Y_GE15,15 years or over,_Z,Not applicable,M,Monthly,2017-04,,2.9,,,,A,Normal value,0,Units,1,One
DATAFLOW,OECD.SDD.TPS:DSD_LFS@DF_IALFS_INDIC(1.0),Infra-annual labour statistics,I,JPN,Japan,UNE_LF_M,Monthly unemployment rate,PT_LF_SUB,Percentage of labour force in the same subgroup,_Z,Not applicable,N,Neither seasonally adjusted nor calendar adjusted,_T,Total,Y_GE15,15 years or over,_Z,Not applicable,M,Monthly,2017-05,,3.1,,,,A,Normal value,0,Units,1,One
DATAFLOW,OECD.SDD.TPS:DSD_LFS@DF_IALFS_INDIC(1.0),Infra-annual labour statistics,I,JPN,Japan,UNE_LF_M,Monthly unemployment rate,PT_LF_SUB,Percentage of labour force in the same subgroup,_Z,Not applicable,N,Neither seasonally adjusted nor calendar adjusted,_T,Total,Y_GE15,15 years or over,_Z,Not applicable,M,Monthly,2017-06,,2.8,,,,A,Normal value,0,Units,1,One
DATAFLOW,OECD.SDD.TPS:DSD_LFS@DF_IALFS_INDIC(1.0),Infra-annual labour statistics,I,JPN,Japan,UNE_LF_M,Monthly unemployment rate,PT_LF_SUB,Percentage of labour force in the same subgroup,_Z,Not applicable,N,Neither seasonally adjusted nor calendar adjusted,_T,Total,Y_GE15,15 years or over,_Z,Not applicable,M,Monthly,2017-07,,2.8,,,,A,Normal value,0,Units,1,One
DATAFLOW,OECD.SDD.TPS:DSD_LFS@DF_IALFS_INDIC(1.0),Infra-annual labour statistics,I,JPN,Japan,UNE_LF_M,Monthly unemployment rate,PT_LF_SUB,Percentage of labour force in the same subgroup,_Z,Not applicable,N,Neither seasonally adjusted nor calendar adjusted,_T,Total,Y_GE15,15 years or over,_Z,Not applicable,M,Monthly,2017-08,,2.8,,,,A,Normal value,0,Units,1,One
DATAFLOW,OECD.SDD.TPS:DSD_LFS@DF_IALFS_INDIC(1.0),Infra-annual labour statistics,I,JPN,Japan,UNE_LF_M,Monthly unemployment rate,PT_LF_SUB,Percentage of labour force in the same subgroup,_Z,Not applicable,N,Neither seasonally adjusted nor calendar adjusted,_T,Total,Y_GE15,15 years or over,_Z,Not applicable,M,Monthly,2017-09,,2.8,,,,A,Normal value,0,Units,1,One
DATAFLOW,OECD.SDD.TPS:DSD_LFS@DF_IALFS_INDIC(1.0),Infra-annual labour statistics,I,JPN,Japan,UNE_LF_M,Monthly unemployment rate,PT_LF_SUB,Percentage of labour force in the same subgroup,_Z,Not applicable,N,Neither seasonally adjusted nor calendar adjusted,_T,Total,Y_GE15,15 years or over,_Z,Not applicable,M,Monthly,2017-10,,2.7,,,,A,Normal value,0,Units,1,One
DATAFLOW,OECD.SDD.TPS:DSD_LFS@DF_IALFS_INDIC(1.0),Infra-annual labour statistics,I,JPN,Japan,UNE_LF_M,Monthly unemployment rate,PT_LF_SUB,Percentage of labour force in the same subgroup,_Z,Not applicable,N,Neither seasonally adjusted nor calendar adjusted,_T,Total,Y_GE15,15 years or over,_Z,Not applicable,M,Monthly,2017-11,,2.6,,,,A,Normal value,0,Units,1,One
DATAFLOW,OECD.SDD.TPS:DSD_LFS@DF_IALFS_INDIC(1.0),Infra-annual labour statistics,I,JPN,Japan,UNE_LF_M,Monthly unemployment rate,PT_LF_SUB,Percentage of labour force in the same subgroup,_Z,Not applicable,N,Neither seasonally adjusted nor calendar adjusted,_T,Total,Y_GE15,15 years or over,_Z,Not applicable,M,Monthly,2017-12,,2.6,,,,A,Normal value,0,Units,1,One
DATAFLOW,OECD.SDD.TPS:DSD_LFS@DF_IALFS_INDIC(1.0),Infra-annual labour statistics,I,JPN,Japan,UNE_LF_M,Monthly unemployment rate,PT_LF_SUB,Percentage of labour force in the same subgroup,_Z,Not applicable,N,Neither seasonally adjusted nor calendar adjusted,_T,Total,Y_GE15,15 years or over,_Z,Not applicable,M,Monthly,2018-01,,2.4,,,,A,Normal value,0,Units,1,One
DATAFLOW,OECD.SDD.TPS:DSD_LFS@DF_IALFS_INDIC(1.0),Infra-annual labour statistics,I,JPN,Japan,UNE_LF_M,Monthly unemployment rate,PT_LF_SUB,Percentage of labour force in the same subgroup,_Z,Not applicable,N,Neither seasonally adjusted nor calendar adjusted,_T,Total,Y_GE15,15 years or over,_Z,Not applicable,M,Monthly,2018-02,,2.5,,,,A,Normal value,0,Units,1,One
DATAFLOW,OECD.SDD.TPS:DSD_LFS@DF_IALFS_INDIC(1.0),Infra-annual labour statistics,I,JPN,Japan,UNE_LF_M,Monthly unemployment rate,PT_LF_SUB,Percentage of labour force in the same subgroup,_Z,Not applicable,N,Neither seasonally adjusted nor calendar adjusted,_T,Total,Y_GE15,15 years or over,_Z,Not applicable,M,Monthly,2018-03,,2.5,,,,A,Normal value,0,Units,1,One
DATAFLOW,OECD.SDD.TPS:DSD_LFS@DF_IALFS_INDIC(1.0),Infra-annual labour statistics,I,JPN,Japan,UNE_LF_M,Monthly unemployment rate,PT_LF_SUB,Percentage of labour force in the same subgroup,_Z,Not applicable,N,Neither seasonally adjusted nor calendar adjusted,_T,Total,Y_GE15,15 years or over,_Z,Not applicable,M,Monthly,2018-04,,2.6,,,,A,Normal value,0,Units,1,One
DATAFLOW,OECD.SDD.TPS:DSD_LFS@DF_IALFS_INDIC(1.0),Infra-annual labour statistics,I,JPN,Japan,UNE_LF_M,Monthly unemployment rate,PT_LF_SUB,Percentage of labour force in the same subgroup,_Z,Not applicable,N,Neither seasonally adjusted nor calendar adjusted,_T,Total,Y_GE15,15 years or over,_Z,Not applicable,M,Monthly,2018-05,,2.3,,,,A,Normal value,0,Units,1,One
DATAFLOW,OECD.SDD.TPS:DSD_LFS@DF_IALFS_INDIC(1.0),Infra-annual labour statistics,I,JPN,Japan,UNE_LF_M,Monthly unemployment rate,PT_LF_SUB,Percentage of labour force in the same subgroup,_Z,Not applicable,N,Neither seasonally adjusted nor calendar adjusted,_T,Total,Y_GE15,15 years or over,_Z,Not applicable,M,Monthly,2018-06,,2.5,,,,A,Normal value,0,Units,1,One
DATAFLOW,OECD.SDD.TPS:DSD_LFS@DF_IALFS_INDIC(1.0),Infra-annual labour statistics,I,JPN,Japan,UNE_LF_M,Monthly unemployment rate,PT_LF_SUB,Percentage of labour force in the same subgroup,_Z,Not applicable,N,Neither seasonally adjusted nor calendar adjusted,_T,Total,Y_GE15,15 years or over,_Z,Not applicable,M,Monthly,2018-07,,2.5,,,,A,Normal value,0,Units,1,One
DATAFLOW,OECD.SDD.TPS:DSD_LFS@DF_IALFS_INDIC(1.0),Infra-annual labour statistics,I,JPN,Japan,UNE_LF_M,Monthly unemployment rate,PT_LF_SUB,Percentage of labour force in the same subgroup,_Z,Not applicable,N,Neither seasonally adjusted nor calendar adjusted,_T,Total,Y_GE15,15 years or over,_Z,Not applicable,M,Monthly,2018-08,,2.5,,,,A,Normal value,0,Units,1,One
DATAFLOW,OECD.SDD.TPS:DSD_LFS@DF_IALFS_INDIC(1.0),Infra-annual labour statistics,I,JPN,Japan,UNE_LF_M,Monthly unemployment rate,PT_LF_SUB,Percentage of labour force in the same subgroup,_Z,Not applicable,N,Neither seasonally adjusted nor calendar adjusted,_T,Total,Y_GE15,15 years or over,_Z,Not applicable,M,Monthly,2018-09,,2.4,,,,A,Normal value,0,Units,1,One
DATAFLOW,OECD.SDD.TPS:DSD_LFS@DF_IALFS_INDIC(1.0),Infra-annual labour statistics,I,JPN,Japan,UNE_LF_M,Monthly unemployment rate,PT_LF_SUB,Percentage of labour force in the same subgroup,_Z,Not applicable,N,Neither seasonally adjusted nor calendar adjusted,_T,Total,Y_GE15,15 years or over,_Z,Not applicable,M,Monthly,2018-10,,2.4,,,,A,Normal value,0,Units,1,One
DATAFLOW,OECD.SDD.TPS:DSD_LFS@DF_IALFS_INDIC(1.0),Infra-annual labour statistics,I,JPN,Japan,UNE_LF_M,Monthly unemployment rate,PT_LF_SUB,Percentage of labour force in the same subgroup,_Z,Not applicable,N,Neither seasonally adjusted nor calendar adjusted,_T,Total,Y_GE15,15 years or over,_Z,Not applicable,M,Monthly,2018-11,,2.4,,,,A,Normal value,0,Units,1,One
DATAFLOW,OECD.SDD.TPS:DSD_LFS@DF_IALFS_INDIC(1.0),Infra-annual labour statistics,I,JPN,Japan,UNE_LF_M,Monthly unemployment rate,PT_LF_SUB,Percentage of labour force in the same subgroup,_Z,Not applicable,N,Neither seasonally adjusted nor calendar adjusted,_T,Total,Y_GE15,15 years or over,_Z,Not applicable,M,Monthly,2018-12,,2.3,,,,A,Normal value,0,Units,1,One
DATAFLOW,OECD.SDD.TPS:DSD_LFS@DF_IALFS_INDIC(1.0),Infra-annual labour statistics,I,JPN,Japan,UNE_LF_M,Monthly unemployment rate,PT_LF_SUB,Percentage of labour force in the same subgroup,_Z,Not applicable,N,Neither seasonally adjusted nor calendar adjusted,_T,Total,Y_GE15,15 years or over,_Z,Not applicable,M,Monthly,2019-01,,2.4,,,,A,Normal value,0,Units,1,One
DATAFLOW,OECD.SDD.TPS:DSD_LFS@DF_IALFS_INDIC(1.0),Infra-annual labour statistics,I,JPN,Japan,UNE_LF_M,Monthly unemployment rate,PT_LF_SUB,Percentage of labour force in the same subgroup,_Z,Not applicable,N,Neither seasonally adjusted nor calendar adjusted,_T,Total,Y_GE15,15 years or over,_Z,Not applicable,M,Monthly,2019-02,,2.3,,,,A,Normal value,0,Units,1,One
DATAFLOW,OECD.SDD.TPS:DSD_LFS@DF_IALFS_INDIC(1.0),Infra-annual labour statistics,I,JPN,Japan,UNE_LF_M,Monthly unemployment rate,PT_LF_SUB,Percentage of labour force in the same subgroup,_Z,Not applicable,N,Neither seasonally adjusted nor calendar adjusted,_T,Total,Y_GE15,15 years or over,_Z,Not applicable,M,Monthly,2019-03,,2.5,,,,A,Normal value,0,Units,1,One
DATAFLOW,OECD.SDD.TPS:DSD_LFS@DF_IALFS_INDIC(1.0),Infra-annual labour statistics,I,JPN,Japan,UNE_LF_M,Monthly unemployment rate,PT_LF_SUB,Percentage of labour force in the same subgroup,_Z,Not applicable,N,Neither seasonally adjusted nor calendar adjusted,_T,Total,Y_GE15,15 years or over,_Z,Not applicable,M,Monthly,2019-04,,2.6,,,,A,Normal value,0,Units,1,One
DATAFLOW,OECD.SDD.TPS:DSD_LFS@DF_IALFS_INDIC(1.0),Infra-annual labour statistics,I,JPN,Japan,UNE_LF_M,Monthly unemployment rate,PT_LF_SUB,Percentage of labour force in the same subgroup,_Z,Not applicable,N,Neither seasonally adjusted nor calendar adjusted,_T,Total,Y_GE15,15 years or over,_Z,Not applicable,M,Monthly,2019-05,,2.4,,,,A,Normal value,0,Units,1,One
DATAFLOW,OECD.SDD.TPS:DSD_LFS@DF_IALFS_INDIC(1.0),Infra-annual labour statistics,I,JPN,Japan,UNE_LF_M,Monthly unemployment rate,PT_LF_SUB,Percentage of labour force in the same subgroup,_Z,Not applicable,N,Neither seasonally adjusted nor calendar adjusted,_T,Total,Y_GE15,15 years or over,_Z,Not applicable,M,Monthly,2019-06,,2.3,,,,A,Normal value,0,Units,1,One
DATAFLOW,OECD.SDD.TPS:DSD_LFS@DF_IALFS_INDIC(1.0),Infra-annual labour statistics,I,JPN,Japan,UNE_LF_M,Monthly unemployment rate,PT_LF_SUB,Percentage of labour force in the same subgroup,_Z,Not applicable,N,Neither seasonally adjusted nor calendar adjusted,_T,Total,Y_GE15,15 years or over,_Z,Not applicable,M,Monthly,2019-07,,2.3,,,,A,Normal value,0,Units,1,One
DATAFLOW,OECD.SDD.TPS:DSD_LFS@DF_IALFS_INDIC(1.0),Infra-annual labour statistics,I,JPN,Japan,UNE_LF_M,Monthly unemployment rate,PT_LF_SUB,Percentage of labour force in the same subgroup,_Z,Not applicable,N,Neither seasonally adjusted nor calendar adjusted,_T,Total,Y_GE15,15 years or over,_Z,Not applicable,M,Monthly,2019-08,,2.3,,,,A,Normal value,0,Units,1,One
DATAFLOW,OECD.SDD.TPS:DSD_LFS@DF_IALFS_INDIC(1.0),Infra-annual labour statistics,I,JPN,Japan,UNE_LF_M,Monthly unemployment rate,PT_LF_SUB,Percentage of labour force in the same subgroup,_Z,Not applicable,N,Neither seasonally adjusted nor calendar adjusted,_T,Total,Y_GE15,15 years or over,_Z,Not applicable,M,Monthly,2019-09,,2.4,,,,A,Normal value,0,Units,1,One
DATAFLOW,OECD.SDD.TPS:DSD_LFS@DF_IALFS_INDIC(1.0),Infra-annual labour statistics,I,JPN,Japan,UNE_LF_M,Monthly unemployment rate,PT_LF_SUB,Percentage of labour force in the same subgroup,_Z,Not applicable,N,Neither seasonally adjusted nor calendar adjusted,_T,Total,Y_GE15,15 years or over,_Z,Not applicable,M,Monthly,2019-10,,2.4,,,,A,Normal value,0,Units,1,One
DATAFLOW,OECD.SDD.TPS:DSD_LFS@DF_IALFS_INDIC(1.0),Infra-annual labour statistics,I,JPN,Japan,UNE_LF_M,Monthly unemployment rate,PT_LF_SUB,Percentage of labour force in the same subgroup,_Z,Not applicable,N,Neither seasonally adjusted nor calendar adjusted,_T,Total,Y_GE15,15 years or over,_Z,Not applicable,M,Monthly,2019-11,,2.2,,,,A,Normal value,0,Units,1,One
DATAFLOW,OECD.SDD.TPS:DSD_LFS@DF_IALFS_INDIC(1.0),Infra-annual labour statistics,I,JPN,Japan,UNE_LF_M,Monthly unemployment rate,PT_LF_SUB,Percentage of labour force in the same subgroup,_Z,Not applicable,N,Neither seasonally adjusted nor calendar adjusted,_T,Total,Y_GE15,15 years or over,_Z,Not applicable,M,Monthly,2019-12,,2.1,,,,A,Normal value,0,Units,1,One
DATAFLOW,OECD.SDD.TPS:DSD_LFS@DF_IALFS_INDIC(1.0),Infra-annual labour statistics,I,JPN,Japan,UNE_LF_M,Monthly unemployment rate,PT_LF_SUB,Percentage of labour force in the same subgroup,_Z,Not applicable,N,Neither seasonally adjusted nor calendar adjusted,_T,Total,Y_GE15,15 years or over,_Z,Not applicable,M,Monthly,2011-02,,4.6,,,,A,Normal value,0,Units,1,One
DATAFLOW,OECD.SDD.TPS:DSD_LFS@DF_IALFS_INDIC(1.0),Infra-annual labour statistics,I,JPN,Japan,UNE_LF_M,Monthly unemployment rate,PT_LF_SUB,Percentage of labour force in the same subgroup,_Z,Not applicable,N,Neither seasonally adjusted nor calendar adjusted,_T,Total,Y_GE15,15 years or over,_Z,Not applicable,M,Monthly,2011-03,,4.9,,,,A,Normal value,0,Units,1,One
DATAFLOW,OECD.SDD.TPS:DSD_LFS@DF_IALFS_INDIC(1.0),Infra-annual labour statistics,I,JPN,Japan,UNE_LF_M,Monthly unemployment rate,PT_LF_SUB,Percentage of labour force in the same subgroup,_Z,Not applicable,N,Neither seasonally adjusted nor calendar adjusted,_T,Total,Y_GE15,15 years or over,_Z,Not applicable,M,Monthly,2015-05,,3.4,,,,A,Normal value,0,Units,1,One
DATAFLOW,OECD.SDD.TPS:DSD_LFS@DF_IALFS_INDIC(1.0),Infra-annual labour statistics,I,JPN,Japan,UNE_LF_M,Monthly unemployment rate,PT_LF_SUB,Percentage of labour force in the same subgroup,_Z,Not applicable,N,Neither seasonally adjusted nor calendar adjusted,_T,Total,Y_GE15,15 years or over,_Z,Not applicable,M,Monthly,2015-06,,3.4,,,,A,Normal value,0,Units,1,One
DATAFLOW,OECD.SDD.TPS:DSD_LFS@DF_IALFS_INDIC(1.0),Infra-annual labour statistics,I,JPN,Japan,UNE_LF_M,Monthly unemployment rate,PT_LF_SUB,Percentage of labour force in the same subgroup,_Z,Not applicable,N,Neither seasonally adjusted nor calendar adjusted,_T,Total,Y_GE15,15 years or over,_Z,Not applicable,M,Monthly,2012-02,,4.4,,,,A,Normal value,0,Units,1,One
DATAFLOW,OECD.SDD.TPS:DSD_LFS@DF_IALFS_INDIC(1.0),Infra-annual labour statistics,I,JPN,Japan,UNE_LF_M,Monthly unemployment rate,PT_LF_SUB,Percentage of labour force in the same subgroup,_Z,Not applicable,N,Neither seasonally adjusted nor calendar adjusted,_T,Total,Y_GE15,15 years or over,_Z,Not applicable,M,Monthly,2012-03,,4.7,,,,A,Normal value,0,Units,1,One
DATAFLOW,OECD.SDD.TPS:DSD_LFS@DF_IALFS_INDIC(1.0),Infra-annual labour statistics,I,JPN,Japan,UNE_LF_M,Monthly unemployment rate,PT_LF_SUB,Percentage of labour force in the same subgroup,_Z,Not applicable,N,Neither seasonally adjusted nor calendar adjusted,_T,Total,Y_GE15,15 years or over,_Z,Not applicable,M,Monthly,2020-07,,2.9,,,,A,Normal value,0,Units,1,One
DATAFLOW,OECD.SDD.TPS:DSD_LFS@DF_IALFS_INDIC(1.0),Infra-annual labour statistics,I,JPN,Japan,UNE_LF_M,Monthly unemployment rate,PT_LF_SUB,Percentage of labour force in the same subgroup,_Z,Not applicable,N,Neither seasonally adjusted nor calendar adjusted,_T,Total,Y_GE15,15 years or over,_Z,Not applicable,M,Monthly,2020-08,,3,,,,A,Normal value,0,Units,1,One
DATAFLOW,OECD.SDD.TPS:DSD_LFS@DF_IALFS_INDIC(1.0),Infra-annual labour statistics,I,JPN,Japan,UNE_LF_M,Monthly unemployment rate,PT_LF_SUB,Percentage of labour force in the same subgroup,_Z,Not applicable,N,Neither seasonally adjusted nor calendar adjusted,_T,Total,Y_GE15,15 years or over,_Z,Not applicable,M,Monthly,2020-09,,3,,,,A,Normal value,0,Units,1,One
DATAFLOW,OECD.SDD.TPS:DSD_LFS@DF_IALFS_INDIC(1.0),Infra-annual labour statistics,I,JPN,Japan,UNE_LF_M,Monthly unemployment rate,PT_LF_SUB,Percentage of labour force in the same subgroup,_Z,Not applicable,N,Neither seasonally adjusted nor calendar adjusted,_T,Total,Y_GE15,15 years or over,_Z,Not applicable,M,Monthly,2011-12,,4.2,,,,A,Normal value,0,Units,1,One
DATAFLOW,OECD.SDD.TPS:DSD_LFS@DF_IALFS_INDIC(1.0),Infra-annual labour statistics,I,JPN,Japan,UNE_LF_M,Monthly unemployment rate,PT_LF_SUB,Percentage of labour force in the same subgroup,_Z,Not applicable,N,Neither seasonally adjusted nor calendar adjusted,_T,Total,Y_GE15,15 years or over,_Z,Not applicable,M,Monthly,2012-01,,4.5,,,,A,Normal value,0,Units,1,One
DATAFLOW,OECD.SDD.TPS:DSD_LFS@DF_IALFS_INDIC(1.0),Infra-annual labour statistics,I,JPN,Japan,UNE_LF_M,Monthly unemployment rate,PT_LF_SUB,Percentage of labour force in the same subgroup,_Z,Not applicable,N,Neither seasonally adjusted nor calendar adjusted,_T,Total,Y_GE15,15 years or over,_Z,Not applicable,M,Monthly,2011-08,,4.5,,,,A,Normal value,0,Units,1,One
DATAFLOW,OECD.SDD.TPS:DSD_LFS@DF_IALFS_INDIC(1.0),Infra-annual labour statistics,I,JPN,Japan,UNE_LF_M,Monthly unemployment rate,PT_LF_SUB,Percentage of labour force in the same subgroup,_Z,Not applicable,N,Neither seasonally adjusted nor calendar adjusted,_T,Total,Y_GE15,15 years or over,_Z,Not applicable,M,Monthly,2011-09,,4.2,,,,A,Normal value,0,Units,1,One
DATAFLOW,OECD.SDD.TPS:DSD_LFS@DF_IALFS_INDIC(1.0),Infra-annual labour statistics,I,JPN,Japan,UNE_LF_M,Monthly unemployment rate,PT_LF_SUB,Percentage of labour force in the same subgroup,_Z,Not applicable,N,Neither seasonally adjusted nor calendar adjusted,_T,Total,Y_GE15,15 years or over,_Z,Not applicable,M,Monthly,2011-10,,4.4,,,,A,Normal value,0,Units,1,One
DATAFLOW,OECD.SDD.TPS:DSD_LFS@DF_IALFS_INDIC(1.0),Infra-annual labour statistics,I,JPN,Japan,UNE_LF_M,Monthly unemployment rate,PT_LF_SUB,Percentage of labour force in the same subgroup,_Z,Not applicable,N,Neither seasonally adjusted nor calendar adjusted,_T,Total,Y_GE15,15 years or over,_Z,Not applicable,M,Monthly,2011-11,,4.3,,,,A,Normal value,0,Units,1,One
DATAFLOW,OECD.SDD.TPS:DSD_LFS@DF_IALFS_INDIC(1.0),Infra-annual labour statistics,I,JPN,Japan,UNE_LF_M,Monthly unemployment rate,PT_LF_SUB,Percentage of labour force in the same subgroup,_Z,Not applicable,N,Neither seasonally adjusted nor calendar adjusted,_T,Total,Y_GE15,15 years or over,_Z,Not applicable,M,Monthly,2014-02,,3.6,,,,A,Normal value,0,Units,1,One
DATAFLOW,OECD.SDD.TPS:DSD_LFS@DF_IALFS_INDIC(1.0),Infra-annual labour statistics,I,JPN,Japan,UNE_LF_M,Monthly unemployment rate,PT_LF_SUB,Percentage of labour force in the same subgroup,_Z,Not applicable,N,Neither seasonally adjusted nor calendar adjusted,_T,Total,Y_GE15,15 years or over,_Z,Not applicable,M,Monthly,2014-03,,3.8,,,,A,Normal value,0,Units,1,One
DATAFLOW,OECD.SDD.TPS:DSD_LFS@DF_IALFS_INDIC(1.0),Infra-annual labour statistics,I,JPN,Japan,UNE_LF_M,Monthly unemployment rate,PT_LF_SUB,Percentage of labour force in the same subgroup,_Z,Not applicable,N,Neither seasonally adjusted nor calendar adjusted,_T,Total,Y_GE15,15 years or over,_Z,Not applicable,M,Monthly,2014-04,,3.9,,,,A,Normal value,0,Units,1,One
DATAFLOW,OECD.SDD.TPS:DSD_LFS@DF_IALFS_INDIC(1.0),Infra-annual labour statistics,I,JPN,Japan,UNE_LF_M,Monthly unemployment rate,PT_LF_SUB,Percentage of labour force in the same subgroup,_Z,Not applicable,N,Neither seasonally adjusted nor calendar adjusted,_T,Total,Y_GE15,15 years or over,_Z,Not applicable,M,Monthly,2014-05,,3.6,,,,A,Normal value,0,Units,1,One
DATAFLOW,OECD.SDD.TPS:DSD_LFS@DF_IALFS_INDIC(1.0),Infra-annual labour statistics,I,JPN,Japan,UNE_LF_M,Monthly unemployment rate,PT_LF_SUB,Percentage of labour force in the same subgroup,_Z,Not applicable,N,Neither seasonally adjusted nor calendar adjusted,_T,Total,Y_GE15,15 years or over,_Z,Not applicable,M,Monthly,2014-06,,3.7,,,,A,Normal value,0,Units,1,One
DATAFLOW,OECD.SDD.TPS:DSD_LFS@DF_IALFS_INDIC(1.0),Infra-annual labour statistics,I,JPN,Japan,UNE_LF_M,Monthly unemployment rate,PT_LF_SUB,Percentage of labour force in the same subgroup,_Z,Not applicable,N,Neither seasonally adjusted nor calendar adjusted,_T,Total,Y_GE15,15 years or over,_Z,Not applicable,M,Monthly,2014-07,,3.8,,,,A,Normal value,0,Units,1,One
DATAFLOW,OECD.SDD.TPS:DSD_LFS@DF_IALFS_INDIC(1.0),Infra-annual labour statistics,I,JPN,Japan,UNE_LF_M,Monthly unemployment rate,PT_LF_SUB,Percentage of labour force in the same subgroup,_Z,Not applicable,N,Neither seasonally adjusted nor calendar adjusted,_T,Total,Y_GE15,15 years or over,_Z,Not applicable,M,Monthly,2014-08,,3.5,,,,A,Normal value,0,Units,1,One
DATAFLOW,OECD.SDD.TPS:DSD_LFS@DF_IALFS_INDIC(1.0),Infra-annual labour statistics,I,JPN,Japan,UNE_LF_M,Monthly unemployment rate,PT_LF_SUB,Percentage of labour force in the same subgroup,_Z,Not applicable,N,Neither seasonally adjusted nor calendar adjusted,_T,Total,Y_GE15,15 years or over,_Z,Not applicable,M,Monthly,2014-09,,3.5,,,,A,Normal value,0,Units,1,One
DATAFLOW,OECD.SDD.TPS:DSD_LFS@DF_IALFS_INDIC(1.0),Infra-annual labour statistics,I,JPN,Japan,UNE_LF_M,Monthly unemployment rate,PT_LF_SUB,Percentage of labour force in the same subgroup,_Z,Not applicable,N,Neither seasonally adjusted nor calendar adjusted,_T,Total,Y_GE15,15 years or over,_Z,Not applicable,M,Monthly,2014-10,,3.5,,,,A,Normal value,0,Units,1,One
DATAFLOW,OECD.SDD.TPS:DSD_LFS@DF_IALFS_INDIC(1.0),Infra-annual labour statistics,I,JPN,Japan,UNE_LF_M,Monthly unemployment rate,PT_LF_SUB,Percentage of labour force in the same subgroup,_Z,Not applicable,N,Neither seasonally adjusted nor calendar adjusted,_T,Total,Y_GE15,15 years or over,_Z,Not applicable,M,Monthly,2014-11,,3.3,,,,A,Normal value,0,Units,1,One
DATAFLOW,OECD.SDD.TPS:DSD_LFS@DF_IALFS_INDIC(1.0),Infra-annual labour statistics,I,JPN,Japan,UNE_LF_M,Monthly unemployment rate,PT_LF_SUB,Percentage of labour force in the same subgroup,_Z,Not applicable,N,Neither seasonally adjusted nor calendar adjusted,_T,Total,Y_GE15,15 years or over,_Z,Not applicable,M,Monthly,2014-12,,3.2,,,,A,Normal value,0,Units,1,One
DATAFLOW,OECD.SDD.TPS:DSD_LFS@DF_IALFS_INDIC(1.0),Infra-annual labour statistics,I,JPN,Japan,UNE_LF_M,Monthly unemployment rate,PT_LF_SUB,Percentage of labour force in the same subgroup,_Z,Not applicable,N,Neither seasonally adjusted nor calendar adjusted,_T,Total,Y_GE15,15 years or over,_Z,Not applicable,M,Monthly,2015-01,,3.5,,,,A,Normal value,0,Units,1,One
DATAFLOW,OECD.SDD.TPS:DSD_LFS@DF_IALFS_INDIC(1.0),Infra-annual labour statistics,I,JPN,Japan,UNE_LF_M,Monthly unemployment rate,PT_LF_SUB,Percentage of labour force in the same subgroup,_Z,Not applicable,N,Neither seasonally adjusted nor calendar adjusted,_T,Total,Y_GE15,15 years or over,_Z,Not applicable,M,Monthly,2015-02,,3.5,,,,A,Normal value,0,Units,1,One
DATAFLOW,OECD.SDD.TPS:DSD_LFS@DF_IALFS_INDIC(1.0),Infra-annual labour statistics,I,JPN,Japan,UNE_LF_M,Monthly unemployment rate,PT_LF_SUB,Percentage of labour force in the same subgroup,_Z,Not applicable,N,Neither seasonally adjusted nor calendar adjusted,_T,Total,Y_GE15,15 years or over,_Z,Not applicable,M,Monthly,2020-11,,2.8,,,,A,Normal value,0,Units,1,One
DATAFLOW,OECD.SDD.TPS:DSD_LFS@DF_IALFS_INDIC(1.0),Infra-annual labour statistics,I,JPN,Japan,UNE_LF_M,Monthly unemployment rate,PT_LF_SUB,Percentage of labour force in the same subgroup,_Z,Not applicable,N,Neither seasonally adjusted nor calendar adjusted,_T,Total,Y_GE15,15 years or over,_Z,Not applicable,M,Monthly,2020-12,,2.8,,,,A,Normal value,0,Units,1,One
DATAFLOW,OECD.SDD.TPS:DSD_LFS@DF_IALFS_INDIC(1.0),Infra-annual labour statistics,I,JPN,Japan,UNE_LF_M,Monthly unemployment rate,PT_LF_SUB,Percentage of labour force in the same subgroup,_Z,Not applicable,N,Neither seasonally adjusted nor calendar adjusted,_T,Total,Y_GE15,15 years or over,_Z,Not applicable,M,Monthly,2010-01,,4.9,,,,A,Normal value,0,Units,1,One
DATAFLOW,OECD.SDD.TPS:DSD_LFS@DF_IALFS_INDIC(1.0),Infra-annual labour statistics,I,JPN,Japan,UNE_LF_M,Monthly unemployment rate,PT_LF_SUB,Percentage of labour force in the same subgroup,_Z,Not applicable,N,Neither seasonally adjusted nor calendar adjusted,_T,Total,Y_GE15,15 years or over,_Z,Not applicable,M,Monthly,2010-02,,5,,,,A,Normal value,0,Units,1,One
DATAFLOW,OECD.SDD.TPS:DSD_LFS@DF_IALFS_INDIC(1.0),Infra-annual labour statistics,I,JPN,Japan,UNE_LF_M,Monthly unemployment rate,PT_LF_SUB,Percentage of labour force in the same subgroup,_Z,Not applicable,N,Neither seasonally adjusted nor calendar adjusted,_T,Total,Y_GE15,15 years or over,_Z,Not applicable,M,Monthly,2010-03,,5.3,,,,A,Normal value,0,Units,1,One
DATAFLOW,OECD.SDD.TPS:DSD_LFS@DF_IALFS_INDIC(1.0),Infra-annual labour statistics,I,JPN,Japan,UNE_LF_M,Monthly unemployment rate,PT_LF_SUB,Percentage of labour force in the same subgroup,_Z,Not applicable,N,Neither seasonally adjusted nor calendar adjusted,_T,Total,Y_GE15,15 years or over,_Z,Not applicable,M,Monthly,2015-07,,3.4,,,,A,Normal value,0,Units,1,One
DATAFLOW,OECD.SDD.TPS:DSD_LFS@DF_IALFS_INDIC(1.0),Infra-annual labour statistics,I,JPN,Japan,UNE_LF_M,Monthly unemployment rate,PT_LF_SUB,Percentage of labour force in the same subgroup,_Z,Not applicable,N,Neither seasonally adjusted nor calendar adjusted,_T,Total,Y_GE15,15 years or over,_Z,Not applicable,M,Monthly,2020-02,,2.3,,,,A,Normal value,0,Units,1,One
DATAFLOW,OECD.SDD.TPS:DSD_LFS@DF_IALFS_INDIC(1.0),Infra-annual labour statistics,I,JPN,Japan,UNE_LF_M,Monthly unemployment rate,PT_LF_SUB,Percentage of labour force in the same subgroup,_Z,Not applicable,N,Neither seasonally adjusted nor calendar adjusted,_T,Total,Y_GE15,15 years or over,_Z,Not applicable,M,Monthly,2020-03,,2.6,,,,A,Normal value,0,Units,1,One
DATAFLOW,OECD.SDD.TPS:DSD_LFS@DF_IALFS_INDIC(1.0),Infra-annual labour statistics,I,JPN,Japan,UNE_LF_M,Monthly unemployment rate,PT_LF_SUB,Percentage of labour force in the same subgroup,_Z,Not applicable,N,Neither seasonally adjusted nor calendar adjusted,_T,Total,Y_GE15,15 years or over,_Z,Not applicable,M,Monthly,2014-01,,3.7,,,,A,Normal value,0,Units,1,One
DATAFLOW,OECD.SDD.TPS:DSD_LFS@DF_IALFS_INDIC(1.0),Infra-annual labour statistics,I,JPN,Japan,UNE_LF_M,Monthly unemployment rate,PT_LF_SUB,Percentage of labour force in the same subgroup,_Z,Not applicable,N,Neither seasonally adjusted nor calendar adjusted,_T,Total,Y_GE15,15 years or over,_Z,Not applicable,M,Monthly,2010-04,,5.4,,,,A,Normal value,0,Units,1,One
